{"RouteID_15baae2d-bf07-4967-956a-173d4036613f": 1.0219970777793639, "RouteID_3f166f0e-fd2e-47ab-96a0-6cbc99cc6eef": 0.6043754889984972, "RouteID_5486294a-503f-4346-b8a9-862e988cbe7c": 0.9389649594178116, "RouteID_693060a6-88bb-4324-9e9c-925d5240263c": 1.0811377793946266, "RouteID_7f5d87f0-c39f-434f-bf3f-b159ef321909": 0.9122271855569742, "RouteID_9475872b-287f-4c2c-8e29-887766a4e090": 1.2177163042934809, "RouteID_a8f0009d-e50a-49c9-84d3-f9885ad14a54": 0.8266751766748723, "RouteID_bcc07fea-86d2-41e4-9a58-cfc78956dcc7": 0.8930717741306995, "RouteID_d1a8c3dd-fa67-455c-a68d-af2fd6aa5d91": 1.1815516197565339, "RouteID_e6687a05-2453-4edc-b86c-7558ab6d93f6": 0.4400647472466095, "RouteID_2b8df66d-fcd4-438e-931c-3b84b36a5c6b": 1.0623658100426963, "RouteID_f3261fad-5f97-44f6-ae7f-cf169f5d6452": 0.6752709073676113, "RouteID_fffd257c-3041-4736-be7a-5efea8af1173": 0.6390193372999795}