{"submission_score": 0.06025204185150014, "route_scores": {"RouteID_15baae2d-bf07-4967-956a-173d4036613f": 0.08233770931776556, "RouteID_3f166f0e-fd2e-47ab-96a0-6cbc99cc6eef": 0.03253831842712098, "RouteID_5486294a-503f-4346-b8a9-862e988cbe7c": 0.016795081442181326, "RouteID_693060a6-88bb-4324-9e9c-925d5240263c": 0.038618793099145746, "RouteID_7f5d87f0-c39f-434f-bf3f-b159ef321909": 0.05959878470102984, "RouteID_9475872b-287f-4c2c-8e29-887766a4e090": 0.052309923520864464, "RouteID_a8f0009d-e50a-49c9-84d3-f9885ad14a54": 0.07229138371917238, "RouteID_bcc07fea-86d2-41e4-9a58-cfc78956dcc7": 0.013548484239681191, "RouteID_d1a8c3dd-fa67-455c-a68d-af2fd6aa5d91": 0.18779489235004043, "RouteID_e6687a05-2453-4edc-b86c-7558ab6d93f6": 0.014402579333258439, "RouteID_2b8df66d-fcd4-438e-931c-3b84b36a5c6b": 0.09623977735472661, "RouteID_f3261fad-5f97-44f6-ae7f-cf169f5d6452": 0.06508974253456042, "RouteID_fffd257c-3041-4736-be7a-5efea8af1173": 0.05171107402995459}, "route_feasibility": {"RouteID_15baae2d-bf07-4967-956a-173d4036613f": true, "RouteID_3f166f0e-fd2e-47ab-96a0-6cbc99cc6eef": true, "RouteID_5486294a-503f-4346-b8a9-862e988cbe7c": true, "RouteID_693060a6-88bb-4324-9e9c-925d5240263c": true, "RouteID_7f5d87f0-c39f-434f-bf3f-b159ef321909": true, "RouteID_9475872b-287f-4c2c-8e29-887766a4e090": true, "RouteID_a8f0009d-e50a-49c9-84d3-f9885ad14a54": true, "RouteID_bcc07fea-86d2-41e4-9a58-cfc78956dcc7": true, "RouteID_d1a8c3dd-fa67-455c-a68d-af2fd6aa5d91": true, "RouteID_e6687a05-2453-4edc-b86c-7558ab6d93f6": true, "RouteID_2b8df66d-fcd4-438e-931c-3b84b36a5c6b": true, "RouteID_f3261fad-5f97-44f6-ae7f-cf169f5d6452": true, "RouteID_fffd257c-3041-4736-be7a-5efea8af1173": true}, "model_apply_time": 59, "model_build_time": null}